{"cameraMode":{"drawMode":2,"name":"Shaded Wireframe","section":"Shading Mode"},"sceneLighting":true,"audioPlay":false,"sceneViewState":{"showFog":true,"showMaterialUpdate":false,"showSkybox":true,"showFlares":true,"showImageEffects":true,"showParticleSystems":true},"in2DMode":false,"pivot":{"x":-0.9921713471412659,"y":0.3450331389904022,"z":1.4780683517456055},"rotation":{"x":0.04183211550116539,"y":0.9420128464698792,"z":-0.1282477080821991,"w":0.3072691857814789},"size":0.7939996123313904,"orthographic":false}