{"cameraMode":{"drawMode":2,"name":"Shaded Wireframe","section":"Shading Mode"},"sceneLighting":true,"audioPlay":false,"sceneViewState":{"showFog":true,"showMaterialUpdate":false,"showSkybox":true,"showFlares":true,"showImageEffects":true,"showParticleSystems":true},"in2DMode":false,"pivot":{"x":0.9688809514045715,"y":0.5669614672660828,"z":0.988501787185669},"rotation":{"x":-0.034410666674375537,"y":0.9654632210731506,"z":-0.17449800670146943,"w":-0.19038696587085725},"size":2.3893003463745119,"orthographic":false}