{"cameraMode":{"drawMode":2,"name":"Shaded Wireframe","section":"Shading Mode"},"sceneLighting":false,"audioPlay":false,"sceneViewState":{"showFog":true,"showMaterialUpdate":false,"showSkybox":false,"showFlares":true,"showImageEffects":true,"showParticleSystems":true},"in2DMode":false,"pivot":{"x":-0.0056727309711277489,"y":0.012503251433372498,"z":-0.03486919403076172},"rotation":{"x":-0.008192582055926323,"y":0.7138044238090515,"z":-0.7002473473548889,"w":-0.008350866846740246},"size":0.5387734174728394,"orthographic":false}