{"cameraMode":{"drawMode":2,"name":"Shaded Wireframe","section":"Shading Mode"},"sceneLighting":false,"audioPlay":false,"sceneViewState":{"showFog":true,"showMaterialUpdate":false,"showSkybox":false,"showFlares":true,"showImageEffects":true,"showParticleSystems":true},"in2DMode":false,"pivot":{"x":0.000020417384803295135,"y":0.00038791424594819546,"z":-0.000009174662409350276},"rotation":{"x":-0.2513364851474762,"y":-0.24442380666732789,"z":0.06575831770896912,"w":-0.9342178106307983},"size":0.005751132965087891,"orthographic":false}