{"cameraMode":{"drawMode":2,"name":"Shaded Wireframe","section":"Shading Mode"},"sceneLighting":true,"audioPlay":false,"sceneViewState":{"showFog":true,"showMaterialUpdate":false,"showSkybox":true,"showFlares":true,"showImageEffects":true,"showParticleSystems":true},"in2DMode":false,"pivot":{"x":77.9993667602539,"y":-23.919891357421876,"z":47.390411376953128},"rotation":{"x":-0.025844145566225053,"y":0.9674220681190491,"z":-0.22632405161857606,"w":-0.11047220230102539},"size":279.99700927734377,"orthographic":false}