{"cameraMode":{"drawMode":2,"name":"Shaded Wireframe","section":"Shading Mode"},"sceneLighting":false,"audioPlay":false,"sceneViewState":{"showFog":true,"showMaterialUpdate":false,"showSkybox":false,"showFlares":true,"showImageEffects":true,"showParticleSystems":true},"in2DMode":false,"pivot":{"x":1.1953526735305787,"y":0.22327959537506104,"z":0.5915464758872986},"rotation":{"x":0.019815141335129739,"y":0.9708853363990784,"z":-0.08645286411046982,"w":0.2225196659564972},"size":0.34824007749557497,"orthographic":false}