{"cameraMode":{"drawMode":2,"name":"Shaded Wireframe","section":"Shading Mode"},"sceneLighting":false,"audioPlay":false,"sceneViewState":{"showFog":true,"showMaterialUpdate":false,"showSkybox":false,"showFlares":true,"showImageEffects":true,"showParticleSystems":true},"in2DMode":false,"pivot":{"x":-0.07226930558681488,"y":0.07925360649824143,"z":0.011604845523834229},"rotation":{"x":-0.01282577682286501,"y":0.9834445714950562,"z":-0.07717149704694748,"w":-0.16345305740833283},"size":0.3456498980522156,"orthographic":false}