{"cameraMode":{"drawMode":2,"name":"Shaded Wireframe","section":"Shading Mode"},"sceneLighting":false,"audioPlay":false,"sceneViewState":{"showFog":true,"showMaterialUpdate":false,"showSkybox":false,"showFlares":true,"showImageEffects":true,"showParticleSystems":true},"in2DMode":false,"pivot":{"x":-0.000054135918617248535,"y":0.007999999448657036,"z":0.0},"rotation":{"x":-0.13687653839588166,"y":0.8274542093276978,"z":-0.22928114235401154,"w":-0.4939783215522766},"size":0.8550503253936768,"orthographic":false}