{"cameraMode":{"drawMode":2,"name":"Shaded Wireframe","section":"Shading Mode"},"sceneLighting":false,"audioPlay":false,"sceneViewState":{"showFog":true,"showMaterialUpdate":false,"showSkybox":false,"showFlares":true,"showImageEffects":true,"showParticleSystems":true},"in2DMode":false,"pivot":{"x":0.055190011858940127,"y":0.009358718991279602,"z":0.08902226388454437},"rotation":{"x":0.2471417784690857,"y":0.35281985998153689,"z":-0.0972423255443573,"w":0.8972085118293762},"size":0.7827968597412109,"orthographic":false}