{"cameraMode":{"drawMode":2,"name":"Shaded Wireframe","section":"Shading Mode"},"sceneLighting":false,"audioPlay":false,"sceneViewState":{"showFog":true,"showMaterialUpdate":false,"showSkybox":false,"showFlares":true,"showImageEffects":true,"showParticleSystems":true},"in2DMode":false,"pivot":{"x":-0.0000294465571641922,"y":0.000800000037997961,"z":0.0},"rotation":{"x":-0.01282577682286501,"y":0.9834445714950562,"z":-0.07717149704694748,"w":-0.16345305740833283},"size":0.04564986750483513,"orthographic":false}