{"cameraMode":{"drawMode":2,"name":"Shaded Wireframe","section":"Shading Mode"},"sceneLighting":false,"audioPlay":false,"sceneViewState":{"showFog":true,"showMaterialUpdate":false,"showSkybox":false,"showFlares":true,"showImageEffects":true,"showParticleSystems":true},"in2DMode":false,"pivot":{"x":-0.0000046193599700927738,"y":0.008000001311302185,"z":0.03999999910593033},"rotation":{"x":-0.0008726785890758038,"y":-0.6914429068565369,"z":0.7224301099777222,"w":-0.0008378025377169251},"size":0.4158099293708801,"orthographic":false}