{"cameraMode":{"drawMode":2,"name":"Shaded Wireframe","section":"Shading Mode"},"sceneLighting":false,"audioPlay":false,"sceneViewState":{"showFog":true,"showMaterialUpdate":false,"showSkybox":false,"showFlares":true,"showImageEffects":true,"showParticleSystems":true},"in2DMode":false,"pivot":{"x":-0.000007271766662597656,"y":0.007999999448657036,"z":0.0},"rotation":{"x":-0.1198732927441597,"y":0.8505324125289917,"z":-0.2206321805715561,"w":-0.4621109366416931},"size":0.8239399790763855,"orthographic":false}