{"cameraMode":{"drawMode":2,"name":"Shaded Wireframe","section":"Shading Mode"},"sceneLighting":false,"audioPlay":false,"sceneViewState":{"showFog":true,"showMaterialUpdate":false,"showSkybox":false,"showFlares":true,"showImageEffects":true,"showParticleSystems":true},"in2DMode":false,"pivot":{"x":-0.01866045594215393,"y":0.0065224915742874149,"z":0.05071103572845459},"rotation":{"x":-0.03671247512102127,"y":0.9610491991043091,"z":-0.15737369656562806,"w":-0.2242102175951004},"size":0.5747686624526978,"orthographic":false}