{"cameraMode":{"drawMode":2,"name":"Shaded Wireframe","section":"Shading Mode"},"sceneLighting":false,"audioPlay":false,"sceneViewState":{"showFog":true,"showMaterialUpdate":false,"showSkybox":false,"showFlares":true,"showImageEffects":true,"showParticleSystems":true},"in2DMode":false,"pivot":{"x":0.030346743762493135,"y":0.07532379776239395,"z":0.07442444562911987},"rotation":{"x":-0.4113844931125641,"y":0.3400465250015259,"z":-0.16881544888019563,"w":-0.8286330103874207},"size":0.2545369267463684,"orthographic":false}