{"cameraMode":{"drawMode":2,"name":"Shaded Wireframe","section":"Shading Mode"},"sceneLighting":true,"audioPlay":false,"sceneViewState":{"showFog":true,"showMaterialUpdate":false,"showSkybox":true,"showFlares":true,"showImageEffects":true,"showParticleSystems":true},"in2DMode":false,"pivot":{"x":0.2410895824432373,"y":1.2462525367736817,"z":-0.006366372108459473},"rotation":{"x":0.06491845846176148,"y":-0.7434684634208679,"z":0.07295142859220505,"w":0.6616028547286987},"size":4.003781318664551,"orthographic":false}