{"cameraMode":{"drawMode":2,"name":"Shaded Wireframe","section":"Shading Mode"},"sceneLighting":false,"audioPlay":false,"sceneViewState":{"showFog":true,"showMaterialUpdate":false,"showSkybox":false,"showFlares":true,"showImageEffects":true,"showParticleSystems":true},"in2DMode":false,"pivot":{"x":-0.007266417145729065,"y":0.031644757837057117,"z":0.18876375257968903},"rotation":{"x":0.08407150208950043,"y":-0.36061233282089236,"z":0.03264956176280975,"w":0.9283452033996582},"size":0.1943003535270691,"orthographic":false}