{"cameraMode":{"drawMode":2,"name":"Shaded Wireframe","section":"Shading Mode"},"sceneLighting":false,"audioPlay":false,"sceneViewState":{"showFog":true,"showMaterialUpdate":false,"showSkybox":false,"showFlares":true,"showImageEffects":true,"showParticleSystems":true},"in2DMode":false,"pivot":{"x":-0.00005414336919784546,"y":0.007999999448657036,"z":0.0},"rotation":{"x":-0.46155402064323428,"y":0.5367695093154907,"z":-0.46965572237968447,"w":-0.5275129675865173},"size":0.5105517506599426,"orthographic":false}