{"cameraMode":{"drawMode":2,"name":"Shaded Wireframe","section":"Shading Mode"},"sceneLighting":false,"audioPlay":false,"sceneViewState":{"showFog":true,"showMaterialUpdate":false,"showSkybox":false,"showFlares":true,"showImageEffects":true,"showParticleSystems":true},"in2DMode":false,"pivot":{"x":0.04764273762702942,"y":0.011741399765014649,"z":-0.0024491092190146448},"rotation":{"x":0.14371521770954133,"y":-0.8349454998970032,"z":0.2585611939430237,"w":0.4640670120716095},"size":0.20991945266723634,"orthographic":false}