{"cameraMode":{"drawMode":2,"name":"Shaded Wireframe","section":"Shading Mode"},"sceneLighting":true,"audioPlay":false,"sceneViewState":{"showFog":true,"showMaterialUpdate":false,"showSkybox":true,"showFlares":true,"showImageEffects":true,"showParticleSystems":true},"in2DMode":false,"pivot":{"x":-2.859881639480591,"y":0.7748565673828125,"z":-1.017246127128601},"rotation":{"x":0.0015717954374849797,"y":0.9855741858482361,"z":-0.16898831725120545,"w":0.009168191812932492},"size":9.640933990478516,"orthographic":false}