{"cameraMode":{"drawMode":2,"name":"Shaded Wireframe","section":"Shading Mode"},"sceneLighting":false,"audioPlay":false,"sceneViewState":{"showFog":true,"showMaterialUpdate":false,"showSkybox":false,"showFlares":true,"showImageEffects":true,"showParticleSystems":true},"in2DMode":false,"pivot":{"x":0.0,"y":0.008000001311302185,"z":0.07980379462242127},"rotation":{"x":-0.09132380038499832,"y":0.8858879208564758,"z":-0.19746184349060059,"w":-0.4097211956977844},"size":0.45593711733818056,"orthographic":false}