{"cameraMode":{"drawMode":2,"name":"Shaded Wireframe","section":"Shading Mode"},"sceneLighting":false,"audioPlay":false,"sceneViewState":{"showFog":true,"showMaterialUpdate":false,"showSkybox":false,"showFlares":true,"showImageEffects":true,"showParticleSystems":true},"in2DMode":false,"pivot":{"x":-0.009756609797477723,"y":0.026918865740299226,"z":0.11911478638648987},"rotation":{"x":-0.20639891922473908,"y":-0.2441662847995758,"z":0.053271759301424029,"w":-0.9460150599479675},"size":0.43332213163375857,"orthographic":false}