{"cameraMode":{"drawMode":2,"name":"Shaded Wireframe","section":"Shading Mode"},"sceneLighting":false,"audioPlay":false,"sceneViewState":{"showFog":true,"showMaterialUpdate":false,"showSkybox":false,"showFlares":true,"showImageEffects":true,"showParticleSystems":true},"in2DMode":false,"pivot":{"x":0.0,"y":0.008000001311302185,"z":0.16018950939178468},"rotation":{"x":0.6371986865997315,"y":0.03694206848740578,"z":-0.03060905821621418,"w":0.7692049145698547},"size":0.3985706567764282,"orthographic":false}