{"cameraMode":{"drawMode":2,"name":"Shaded Wireframe","section":"Shading Mode"},"sceneLighting":false,"audioPlay":false,"sceneViewState":{"showFog":true,"showMaterialUpdate":false,"showSkybox":false,"showFlares":true,"showImageEffects":true,"showParticleSystems":true},"in2DMode":false,"pivot":{"x":0.03992287069559097,"y":-0.03374238312244415,"z":0.029858574271202089},"rotation":{"x":0.025943852961063386,"y":0.9727571606636047,"z":-0.1354062259197235,"w":0.18637511134147645},"size":0.5077139139175415,"orthographic":false}