{"cameraMode":{"drawMode":2,"name":"Shaded Wireframe","section":"Shading Mode"},"sceneLighting":false,"audioPlay":false,"sceneViewState":{"showFog":true,"showMaterialUpdate":false,"showSkybox":false,"showFlares":true,"showImageEffects":true,"showParticleSystems":true},"in2DMode":false,"pivot":{"x":0.0001973658800125122,"y":0.007999999448657036,"z":0.0},"rotation":{"x":-0.027795348316431047,"y":0.9098888635635376,"z":-0.06179434061050415,"w":-0.40928128361701968},"size":0.7344706058502197,"orthographic":false}