{"cameraMode":{"drawMode":2,"name":"Shaded Wireframe","section":"Shading Mode"},"sceneLighting":false,"audioPlay":false,"sceneViewState":{"showFog":true,"showMaterialUpdate":false,"showSkybox":false,"showFlares":true,"showImageEffects":true,"showParticleSystems":true},"in2DMode":false,"pivot":{"x":0.01762416958808899,"y":-0.01828473061323166,"z":-0.0066314637660980228},"rotation":{"x":-0.13162042200565339,"y":0.8591991662979126,"z":-0.41060933470726015,"w":-0.27541401982307436},"size":0.2027822583913803,"orthographic":false}