{"cameraMode":{"drawMode":2,"name":"Shaded Wireframe","section":"Shading Mode"},"sceneLighting":true,"audioPlay":false,"sceneViewState":{"showFog":true,"showMaterialUpdate":false,"showSkybox":true,"showFlares":true,"showImageEffects":true,"showParticleSystems":true},"in2DMode":false,"pivot":{"x":0.023145675659179689,"y":-0.21145892143249513,"z":-0.7144856452941895},"rotation":{"x":0.04490681737661362,"y":-0.9463906288146973,"z":0.28222453594207766,"w":0.15059085190296174},"size":3.8140408992767336,"orthographic":false}