{"cameraMode":{"drawMode":2,"name":"Shaded Wireframe","section":"Shading Mode"},"sceneLighting":false,"audioPlay":false,"sceneViewState":{"showFog":true,"showMaterialUpdate":false,"showSkybox":false,"showFlares":true,"showImageEffects":true,"showParticleSystems":true},"in2DMode":false,"pivot":{"x":-0.0003483295440673828,"y":0.008000001311302185,"z":0.0},"rotation":{"x":-0.10711675137281418,"y":0.8180238604545593,"z":-0.16183167695999146,"w":-0.541455090045929},"size":0.7152402400970459,"orthographic":false}