{"cameraMode":{"drawMode":2,"name":"Shaded Wireframe","section":"Shading Mode"},"sceneLighting":false,"audioPlay":false,"sceneViewState":{"showFog":true,"showMaterialUpdate":false,"showSkybox":false,"showFlares":true,"showImageEffects":true,"showParticleSystems":true},"in2DMode":false,"pivot":{"x":0.04895756393671036,"y":0.04284296929836273,"z":0.1543584167957306},"rotation":{"x":0.004728811793029308,"y":0.691428542137146,"z":-0.7224145531654358,"w":0.0046273390762507919},"size":0.29586976766586306,"orthographic":false}