{"cameraMode":{"drawMode":2,"name":"Shaded Wireframe","section":"Shading Mode"},"sceneLighting":false,"audioPlay":false,"sceneViewState":{"showFog":true,"showMaterialUpdate":false,"showSkybox":false,"showFlares":true,"showImageEffects":true,"showParticleSystems":true},"in2DMode":false,"pivot":{"x":-0.00001858919858932495,"y":0.0007999998051673174,"z":0.0},"rotation":{"x":-0.46345391869544985,"y":0.5326849818229675,"z":-0.45491209626197817,"w":-0.5426896810531616},"size":0.6677714586257935,"orthographic":false}