{"cameraMode":{"drawMode":2,"name":"Shaded Wireframe","section":"Shading Mode"},"sceneLighting":false,"audioPlay":false,"sceneViewState":{"showFog":true,"showMaterialUpdate":false,"showSkybox":false,"showFlares":true,"showImageEffects":true,"showParticleSystems":true},"in2DMode":false,"pivot":{"x":-0.00017663836479187012,"y":0.008000001311302185,"z":0.03999999910593033},"rotation":{"x":0.026593733578920366,"y":-0.5496858954429627,"z":0.017445210367441179,"w":0.8347657322883606},"size":0.3820638358592987,"orthographic":false}