{"cameraMode":{"drawMode":2,"name":"Shaded Wireframe","section":"Shading Mode"},"sceneLighting":true,"audioPlay":false,"sceneViewState":{"showFog":true,"showMaterialUpdate":false,"showSkybox":true,"showFlares":true,"showImageEffects":true,"showParticleSystems":true},"in2DMode":false,"pivot":{"x":-0.5586094856262207,"y":0.32287129759788515,"z":-0.15668874979019166},"rotation":{"x":0.0485079325735569,"y":-0.5739809274673462,"z":0.03409085422754288,"w":0.8167195320129395},"size":2.029143810272217,"orthographic":false}