{"cameraMode":{"drawMode":2,"name":"Shaded Wireframe","section":"Shading Mode"},"sceneLighting":false,"audioPlay":false,"sceneViewState":{"showFog":true,"showMaterialUpdate":false,"showSkybox":false,"showFlares":true,"showImageEffects":true,"showParticleSystems":true},"in2DMode":false,"pivot":{"x":0.028389841318130494,"y":0.1794021874666214,"z":-0.0410207137465477},"rotation":{"x":-0.03980319947004318,"y":0.7632523775100708,"z":-0.04723925516009331,"w":-0.6431406736373901},"size":0.3482400178909302,"orthographic":false}