{"cameraMode":{"drawMode":2,"name":"Shaded Wireframe","section":"Shading Mode"},"sceneLighting":false,"audioPlay":false,"sceneViewState":{"showFog":true,"showMaterialUpdate":false,"showSkybox":false,"showFlares":true,"showImageEffects":true,"showParticleSystems":true},"in2DMode":false,"pivot":{"x":-0.0000013634562492370606,"y":0.000800000037997961,"z":0.0},"rotation":{"x":-0.0639210045337677,"y":0.8017086982727051,"z":-0.08717403560876847,"w":-0.5878587365150452},"size":0.6806821823120117,"orthographic":false}