{"cameraMode":{"drawMode":2,"name":"Shaded Wireframe","section":"Shading Mode"},"sceneLighting":false,"audioPlay":false,"sceneViewState":{"showFog":true,"showMaterialUpdate":false,"showSkybox":false,"showFlares":true,"showImageEffects":true,"showParticleSystems":true},"in2DMode":false,"pivot":{"x":0.0,"y":0.008000001311302185,"z":0.03999999910593033},"rotation":{"x":0.003714990569278598,"y":0.8078281283378601,"z":-0.5893844962120056,"w":0.005090699065476656},"size":0.3482398986816406,"orthographic":false}