{"cameraMode":{"drawMode":2,"name":"Shaded Wireframe","section":"Shading Mode"},"sceneLighting":false,"audioPlay":false,"sceneViewState":{"showFog":true,"showMaterialUpdate":false,"showSkybox":false,"showFlares":true,"showImageEffects":true,"showParticleSystems":true},"in2DMode":false,"pivot":{"x":-0.000003948807716369629,"y":0.007999993860721589,"z":0.0},"rotation":{"x":-0.1706976741552353,"y":0.7816691398620606,"z":-0.24334999918937684,"w":-0.5483033657073975},"size":0.697979211807251,"orthographic":false}