{"cameraMode":{"drawMode":2,"name":"Shaded Wireframe","section":"Shading Mode"},"sceneLighting":false,"audioPlay":false,"sceneViewState":{"showFog":true,"showMaterialUpdate":false,"showSkybox":false,"showFlares":true,"showImageEffects":true,"showParticleSystems":true},"in2DMode":false,"pivot":{"x":-0.06666693091392517,"y":-0.027460873126983644,"z":0.24715988337993623},"rotation":{"x":0.09705209732055664,"y":-0.9029483795166016,"z":0.2945344150066376,"w":0.2975139915943146},"size":0.3180500268936157,"orthographic":false}