{"cameraMode":{"drawMode":2,"name":"Shaded Wireframe","section":"Shading Mode"},"sceneLighting":false,"audioPlay":false,"sceneViewState":{"showFog":true,"showMaterialUpdate":false,"showSkybox":false,"showFlares":true,"showImageEffects":true,"showParticleSystems":true},"in2DMode":false,"pivot":{"x":-0.053903184831142429,"y":0.021839294582605363,"z":-0.0034702206030488016},"rotation":{"x":0.2482684701681137,"y":0.20415206253528596,"z":-0.05363783612847328,"w":0.9454140663146973},"size":0.3776373267173767,"orthographic":false}