{"cameraMode":{"drawMode":2,"name":"Shaded Wireframe","section":"Shading Mode"},"sceneLighting":false,"audioPlay":false,"sceneViewState":{"showFog":true,"showMaterialUpdate":false,"showSkybox":false,"showFlares":true,"showImageEffects":true,"showParticleSystems":true},"in2DMode":false,"pivot":{"x":0.022580042481422426,"y":-0.018490120768547059,"z":-0.025071650743484498},"rotation":{"x":-0.001166652305983007,"y":-0.9022572040557861,"z":0.4311898648738861,"w":-0.0024402132257819177},"size":0.20278221368789674,"orthographic":false}