{"cameraMode":{"drawMode":2,"name":"Shaded Wireframe","section":"Shading Mode"},"sceneLighting":false,"audioPlay":false,"sceneViewState":{"showFog":true,"showMaterialUpdate":false,"showSkybox":false,"showFlares":true,"showImageEffects":true,"showParticleSystems":true},"in2DMode":false,"pivot":{"x":0.0,"y":0.008000001311302185,"z":0.03999999910593033},"rotation":{"x":-0.1500101089477539,"y":0.40572842955589297,"z":-0.06765159964561463,"w":-0.8990576863288879},"size":0.305602103471756,"orthographic":false}