{"cameraMode":{"drawMode":2,"name":"Shaded Wireframe","section":"Shading Mode"},"sceneLighting":false,"audioPlay":false,"sceneViewState":{"showFog":true,"showMaterialUpdate":false,"showSkybox":false,"showFlares":true,"showImageEffects":true,"showParticleSystems":true},"in2DMode":false,"pivot":{"x":-0.000013649463653564453,"y":0.007999999448657036,"z":0.0},"rotation":{"x":-0.054323941469192508,"y":0.8021540641784668,"z":-0.0738532692193985,"w":-0.5900368690490723},"size":0.42486780881881716,"orthographic":false}