{"cameraMode":{"drawMode":2,"name":"Shaded Wireframe","section":"Shading Mode"},"sceneLighting":false,"audioPlay":false,"sceneViewState":{"showFog":true,"showMaterialUpdate":false,"showSkybox":false,"showFlares":true,"showImageEffects":true,"showParticleSystems":true},"in2DMode":false,"pivot":{"x":0.01762416958808899,"y":-0.01828473061323166,"z":-0.0066314637660980228},"rotation":{"x":-0.08317973464727402,"y":0.8920838832855225,"z":-0.18344545364379884,"w":-0.40449395775794985},"size":0.2027822583913803,"orthographic":false}