{"cameraMode":{"drawMode":2,"name":"Shaded Wireframe","section":"Shading Mode"},"sceneLighting":false,"audioPlay":false,"sceneViewState":{"showFog":true,"showMaterialUpdate":false,"showSkybox":false,"showFlares":true,"showImageEffects":true,"showParticleSystems":true},"in2DMode":false,"pivot":{"x":0.007927242666482926,"y":0.06972867995500565,"z":0.12480321526527405},"rotation":{"x":0.020898109301924707,"y":0.8482781648635864,"z":-0.5280676484107971,"w":0.033644162118434909},"size":0.12466338276863098,"orthographic":false}