{"cameraMode":{"drawMode":2,"name":"Shaded Wireframe","section":"Shading Mode"},"sceneLighting":false,"audioPlay":false,"sceneViewState":{"showFog":true,"showMaterialUpdate":false,"showSkybox":false,"showFlares":true,"showImageEffects":true,"showParticleSystems":true},"in2DMode":false,"pivot":{"x":-0.04536034166812897,"y":0.054469361901283267,"z":0.14944109320640565},"rotation":{"x":0.5498338341712952,"y":0.3451511859893799,"z":-0.26644155383110049,"w":0.7124340534210205},"size":0.2497718334197998,"orthographic":false}