{"cameraMode":{"drawMode":2,"name":"Shaded Wireframe","section":"Shading Mode"},"sceneLighting":false,"audioPlay":false,"sceneViewState":{"showFog":true,"showMaterialUpdate":false,"showSkybox":false,"showFlares":true,"showImageEffects":true,"showParticleSystems":true},"in2DMode":false,"pivot":{"x":0.025039512664079667,"y":-0.03179412707686424,"z":0.2125500738620758},"rotation":{"x":0.545516312122345,"y":0.08980787545442581,"z":-0.05903412401676178,"w":0.8311808109283447},"size":0.41545557975769045,"orthographic":false}