{"cameraMode":{"drawMode":2,"name":"Shaded Wireframe","section":"Shading Mode"},"sceneLighting":false,"audioPlay":false,"sceneViewState":{"showFog":true,"showMaterialUpdate":false,"showSkybox":false,"showFlares":true,"showImageEffects":true,"showParticleSystems":true},"in2DMode":false,"pivot":{"x":-0.049338601529598239,"y":-0.013688348233699799,"z":0.05078931152820587},"rotation":{"x":0.08994653075933457,"y":0.5511808395385742,"z":-0.05995767191052437,"w":0.8273537755012512},"size":0.20660603046417237,"orthographic":false}