{"cameraMode":{"drawMode":2,"name":"Shaded Wireframe","section":"Shading Mode"},"sceneLighting":true,"audioPlay":false,"sceneViewState":{"showFog":true,"showMaterialUpdate":false,"showSkybox":true,"showFlares":true,"showImageEffects":true,"showParticleSystems":true},"in2DMode":false,"pivot":{"x":-0.2952491044998169,"y":0.17653757333755494,"z":-0.38548195362091067},"rotation":{"x":0.05772199481725693,"y":-0.9286981821060181,"z":0.16354572772979737,"w":0.3277813196182251},"size":2.702913284301758,"orthographic":false}