{"cameraMode":{"drawMode":2,"name":"Shaded Wireframe","section":"Shading Mode"},"sceneLighting":true,"audioPlay":false,"sceneViewState":{"showFog":true,"showMaterialUpdate":false,"showSkybox":true,"showFlares":true,"showImageEffects":true,"showParticleSystems":true},"in2DMode":false,"pivot":{"x":0.6172400116920471,"y":0.044009312987327579,"z":-0.2666604518890381},"rotation":{"x":0.06460508704185486,"y":-0.25225701928138735,"z":0.016881998628377916,"w":0.9653536081314087},"size":0.9911364912986755,"orthographic":false}